Ad Group,Keyword,Campaign,Criterion Type
sofas,sofas discount,SEM_Sofas,Exact
sofas,sofas promo,SEM_Sofas,Exact
sofas,sofas price,SEM_Sofas,Exact
sofas,sofas buy,SEM_Sofas,Exact
sofas,sofas shop,SEM_Sofas,Exact
sofas,sofas cheap,SEM_Sofas,Exact
sofas,sofas affordable,SEM_Sofas,Exact
sofas,sofas budget,SEM_Sofas,Exact
sofas,sofas sale,SEM_Sofas,Exact
sofas,sofas offers,SEM_Sofas,Exact
convertible sofas,convertible sofas discount,SEM_Sofas,Exact
convertible sofas,convertible sofas promo,SEM_Sofas,Exact
convertible sofas,convertible sofas price,SEM_Sofas,Exact
convertible sofas,convertible sofas buy,SEM_Sofas,Exact
convertible sofas,convertible sofas shop,SEM_Sofas,Exact
convertible sofas,convertible sofas cheap,SEM_Sofas,Exact
convertible sofas,convertible sofas affordable,SEM_Sofas,Exact
convertible sofas,convertible sofas budget,SEM_Sofas,Exact
convertible sofas,convertible sofas sale,SEM_Sofas,Exact
convertible sofas,convertible sofas offers,SEM_Sofas,Exact
love seats,love seats discount,SEM_Sofas,Exact
love seats,love seats promo,SEM_Sofas,Exact
love seats,love seats price,SEM_Sofas,Exact
love seats,love seats buy,SEM_Sofas,Exact
love seats,love seats shop,SEM_Sofas,Exact
love seats,love seats cheap,SEM_Sofas,Exact
love seats,love seats affordable,SEM_Sofas,Exact
love seats,love seats budget,SEM_Sofas,Exact
love seats,love seats sale,SEM_Sofas,Exact
love seats,love seats offers,SEM_Sofas,Exact
recliners,recliners discount,SEM_Sofas,Exact
recliners,recliners promo,SEM_Sofas,Exact
recliners,recliners price,SEM_Sofas,Exact
recliners,recliners buy,SEM_Sofas,Exact
recliners,recliners shop,SEM_Sofas,Exact
recliners,recliners cheap,SEM_Sofas,Exact
recliners,recliners affordable,SEM_Sofas,Exact
recliners,recliners budget,SEM_Sofas,Exact
recliners,recliners sale,SEM_Sofas,Exact
recliners,recliners offers,SEM_Sofas,Exact
sofa beds,sofa beds discount,SEM_Sofas,Exact
sofa beds,sofa beds promo,SEM_Sofas,Exact
sofa beds,sofa beds price,SEM_Sofas,Exact
sofa beds,sofa beds buy,SEM_Sofas,Exact
sofa beds,sofa beds shop,SEM_Sofas,Exact
sofa beds,sofa beds cheap,SEM_Sofas,Exact
sofa beds,sofa beds affordable,SEM_Sofas,Exact
sofa beds,sofa beds budget,SEM_Sofas,Exact
sofa beds,sofa beds sale,SEM_Sofas,Exact
sofa beds,sofa beds offers,SEM_Sofas,Exact
sofas,sofas discount,SEM_Sofas,Phrase
sofas,sofas promo,SEM_Sofas,Phrase
sofas,sofas price,SEM_Sofas,Phrase
sofas,sofas buy,SEM_Sofas,Phrase
sofas,sofas shop,SEM_Sofas,Phrase
sofas,sofas cheap,SEM_Sofas,Phrase
sofas,sofas affordable,SEM_Sofas,Phrase
sofas,sofas budget,SEM_Sofas,Phrase
sofas,sofas sale,SEM_Sofas,Phrase
sofas,sofas offers,SEM_Sofas,Phrase
convertible sofas,convertible sofas discount,SEM_Sofas,Phrase
convertible sofas,convertible sofas promo,SEM_Sofas,Phrase
convertible sofas,convertible sofas price,SEM_Sofas,Phrase
convertible sofas,convertible sofas buy,SEM_Sofas,Phrase
convertible sofas,convertible sofas shop,SEM_Sofas,Phrase
convertible sofas,convertible sofas cheap,SEM_Sofas,Phrase
convertible sofas,convertible sofas affordable,SEM_Sofas,Phrase
convertible sofas,convertible sofas budget,SEM_Sofas,Phrase
convertible sofas,convertible sofas sale,SEM_Sofas,Phrase
convertible sofas,convertible sofas offers,SEM_Sofas,Phrase
love seats,love seats discount,SEM_Sofas,Phrase
love seats,love seats promo,SEM_Sofas,Phrase
love seats,love seats price,SEM_Sofas,Phrase
love seats,love seats buy,SEM_Sofas,Phrase
love seats,love seats shop,SEM_Sofas,Phrase
love seats,love seats cheap,SEM_Sofas,Phrase
love seats,love seats affordable,SEM_Sofas,Phrase
love seats,love seats budget,SEM_Sofas,Phrase
love seats,love seats sale,SEM_Sofas,Phrase
love seats,love seats offers,SEM_Sofas,Phrase
recliners,recliners discount,SEM_Sofas,Phrase
recliners,recliners promo,SEM_Sofas,Phrase
recliners,recliners price,SEM_Sofas,Phrase
recliners,recliners buy,SEM_Sofas,Phrase
recliners,recliners shop,SEM_Sofas,Phrase
recliners,recliners cheap,SEM_Sofas,Phrase
recliners,recliners affordable,SEM_Sofas,Phrase
recliners,recliners budget,SEM_Sofas,Phrase
recliners,recliners sale,SEM_Sofas,Phrase
recliners,recliners offers,SEM_Sofas,Phrase
sofa beds,sofa beds discount,SEM_Sofas,Phrase
sofa beds,sofa beds promo,SEM_Sofas,Phrase
sofa beds,sofa beds price,SEM_Sofas,Phrase
sofa beds,sofa beds buy,SEM_Sofas,Phrase
sofa beds,sofa beds shop,SEM_Sofas,Phrase
sofa beds,sofa beds cheap,SEM_Sofas,Phrase
sofa beds,sofa beds affordable,SEM_Sofas,Phrase
sofa beds,sofa beds budget,SEM_Sofas,Phrase
sofa beds,sofa beds sale,SEM_Sofas,Phrase
sofa beds,sofa beds offers,SEM_Sofas,Phrase
